questions,right answers,wrong ansers a,wrong ansers b
How many fish in the sea? This will be a very long question that will need to be wrapped 1,Right Answer this will also be a long block of text for this test do not know how long 1,Here is a wrong answer for test 1a,more like a medium sized answer for wrong b1
How many fish in the sea? This will be a very long question that will need to be wrapped 2,Right Answer this will also be a long block of text for this test do not know how long 2,Here is a wrong answer for test 2a,more like a medium sized answer for wrong b 2
How many fish in the sea? This will be a very long question that will need to be wrapped 3,Right Answer this will also be a long block of text for this test do not know how long 3,Here is a wrong answer for test 3a,more like a medium sized answer for wrong b 3
How many fish in the sea? This will be a very long question that will need to be wrapped 4,Right Answer this will also be a long block of text for this test do not know how long 4,Here is a wrong answer for test 4a,wrong b 4more like a medium sized answer for 
How many fish in the sea? This will be a very long question that will need to be wrapped 5,Right Answer this will also be a long block of text for this test do not know how long 5,Here is a wrong answer for test 5a,more like a medium sized answer for wrong b 5
How many fish in the sea? This will be a very long question that will need to be wrapped 6,Right Answer this will also be a long block of text for this test do not know how long 6,Here is a wrong answer for test 6a,more like a medium sized answer for wrong b 6
How many fish in the sea? This will be a very long question that will need to be wrapped 7,Right Answer this will also be a long block of text for this test do not know how long 7,Here is a wrong answer for test 7a,more like a medium sized answer for wrong b 7
How many fish in the sea? This will be a very long question that will need to be wrapped 8,Right Answer this will also be a long block of text for this test do not know how long 8,Here is a wrong answer for test 8a,more like a medium sized answer for wrong b 8
How many fish in the sea? This will be a very long question that will need to be wrapped 9,Right Answer this will also be a long block of text for this test do not know how long 9,Here is a wrong answer for test 9a,more like a medium sized answer for wrong b 9
How many fish in the sea? This will be a very long question that will need to be wrapped 10,Right Answer this will also be a long block of text for this test do not know how long 10,Here is a wrong answer for test 10a,more like a medium sized answer for wrong b 10
How many fish in the sea? This will be a very long question that will need to be wrapped 11,Right Answer this will also be a long block of text for this test do not know how long 11,Here is a wrong answer for test 11a,more like a medium sized answer for wrong b 11
How many fish in the sea? This will be a very long question that will need to be wrapped 12,Right Answer this will also be a long block of text for this test do not know how long 12,Here is a wrong answer for test 12a,more like a medium sized answer for wrong b 12
How many fish in the sea? This will be a very long question that will need to be wrapped 13,Right Answer this will also be a long block of text for this test do not know how long 13,Here is a wrong answer for test 13a,more like a medium sized answer for wrong b 13
How many fish in the sea? This will be a very long question that will need to be wrapped 14,Right Answer this will also be a long block of text for this test do not know how long 14,Here is a wrong answer for test 14a,more like a medium sized answer for wrong b 14
How many fish in the sea? This will be a very long question that will need to be wrapped 15,Right Answer this will also be a long block of text for this test do not know how long 15,Here is a wrong answer for test 15a,more like a medium sized answer for wrong b 15
